{
    "num_samples": 20,
    "dice_mean": 0.3596661016345024,
    "dice_std": 0.0232405610886723,
    "ssim_mean": 0.5717260925641912,
    "ssim_std": 0.03512199539379847,
    "mse_mean": 0.008439138438552618,
    "mse_std": 0.004714707003204335,
    "psnr_mean": 21.3256291036111,
    "psnr_std": 2.194911309153391
}