{
    "num_samples": 20,
    "dice_mean": 0.32262359112501143,
    "dice_std": 0.02230080746150133,
    "ssim_mean": 0.45884492655802794,
    "ssim_std": 0.02822274995844819,
    "mse_mean": 0.013339067483320833,
    "mse_std": 0.005917022227077952,
    "psnr_mean": 19.110368617775315,
    "psnr_std": 1.7006222477807644
}